{
    "parent": "minecraft:item/generated",
    "textures": {
        "layer0": "minecraft:item/bow"
    },
    "display": {
        "thirdperson_righthand": {
            "rotation": [ -80, 260, -40 ],
            "translation": [ -1, -2, 2.5 ],
            "scale": [ 0.9, 0.9, 0.9 ]
        },
        "thirdperson_lefthand": {
            "rotation": [ -80, -280, 40 ],
            "translation": [ -1, -2, 2.5 ],
            "scale": [ 0.9, 0.9, 0.9 ]
        },
        "firstperson_righthand": {
            "rotation": [ 0, -90, 25 ],
            "translation": [ 1.13, 3.2, 1.13],
            "scale": [ 0.68, 0.68, 0.68 ]
        },
        "firstperson_lefthand": {
            "rotation": [ 0, 90, -25 ],
            "translation": [ 1.13, 3.2, 1.13],
            "scale": [ 0.68, 0.68, 0.68 ]
        }
    },
    "overrides": [
        {
            "predicate": {
                "pulling": 1
            },
            "model": "minecraft:item/bow_pulling_0"
        },
        {
            "predicate": {
                "pulling": 1,
                "pull": 0.65
            },
            "model": "minecraft:item/bow_pulling_1"
        },
        {
            "predicate": {
                "pulling": 1,
                "pull": 0.9
            },
            "model": "minecraft:item/bow_pulling_2"
        },
        {
            "predicate": {
                "custom_model_data": 529000
            },
            "model": "ppg:item/we/spiked_bow"
        },
        {
            "predicate": {
                "pulling": 1,
                "custom_model_data": 529000
            },
            "model": "ppg:item/we/spiked_bow_pulling_0"
        },
        {
            "predicate": {
                "pulling": 1,
                "pull": 0.65,
                "custom_model_data": 529000
            },
            "model": "ppg:item/we/spiked_bow_pulling_1"
        },
        {
            "predicate": {
                "pulling": 1,
                "pull": 0.9,
                "custom_model_data": 529000
            },
            "model": "ppg:item/we/spiked_bow_pulling_2"
        },
        {
            "predicate": {
                "custom_model_data": 529001
            },
            "model": "ppg:item/we/rabbit_bow"
        },
        {
            "predicate": {
                "pulling": 1,
                "custom_model_data": 529001
            },
            "model": "ppg:item/we/rabbit_bow_pulling_0"
        },
        {
            "predicate": {
                "pulling": 1,
                "pull": 0.65,
                "custom_model_data": 529001
            },
            "model": "ppg:item/we/rabbit_bow_pulling_1"
        },
        {
            "predicate": {
                "pulling": 1,
                "pull": 0.9,
                "custom_model_data": 529001
            },
            "model": "ppg:item/we/rabbit_bow_pulling_2"
        },
        {
            "predicate": {
                "custom_model_data": 529002
            },
            "model": "ppg:item/rw/cloudforce"
        },
        {
            "predicate": {
                "pulling": 1,
                "custom_model_data": 529002
            },
            "model": "ppg:item/rw/cloudforce_pulling_0"
        },
        {
            "predicate": {
                "pulling": 1,
                "pull": 0.65,
                "custom_model_data": 529002
            },
            "model": "ppg:item/rw/cloudforce_pulling_1"
        },
        {
            "predicate": {
                "pulling": 1,
                "pull": 0.9,
                "custom_model_data": 529002
            },
            "model": "ppg:item/rw/cloudforce_pulling_2"
        },
        {
            "predicate": {
                "custom_model_data": 529003
            },
            "model": "ppg:item/rw/cloudforce_floating"
        },
        {
            "predicate": {
                "pulling": 1,
                "custom_model_data": 529003
            },
            "model": "ppg:item/rw/cloudforce_floating_pulling_0"
        },
        {
            "predicate": {
                "pulling": 1,
                "pull": 0.65,
                "custom_model_data": 529003
            },
            "model": "ppg:item/rw/cloudforce_floating_pulling_1"
        },
        {
            "predicate": {
                "pulling": 1,
                "pull": 0.9,
                "custom_model_data": 529003
            },
            "model": "ppg:item/rw/cloudforce_floating_pulling_2"
        }
    ]
}
