{
    "parent": "item/handheld",
    "display": {
      "thirdperson_righthand": {
          "rotation": [ 60, -45, 0 ],
          "translation": [ 0.5, 0, 1.5 ],
          "scale": [ 1.75, 1.75, 1 ]
      },
      "thirdperson_lefthand": {
          "rotation": [ 0, 90, -45 ],
          "translation": [ 0, 8, 1.5 ],
          "scale": [ 1.75, 1.75, 1 ]
      },
      "firstperson_righthand": {
          "rotation": [ 0, -75, 40 ],
          "translation": [ 0, 2, 2 ]
      },
      "firstperson_lefthand": {
          "rotation": [ 0, 105, -40 ],
          "translation": [ 0, 2, 2 ]
      }
    },
    "textures": {
        "layer0": "ppg:item/we/wooden_twinblade_spinning_faster"
    }
}
