{
	"credit": "Made with Blockbench",
	"texture_size": [64, 64],
	"textures": {
		"0": "ppg:item/rw/devils_bane"
	},
	"elements": [
		{
			"from": [7, 0, 7],
			"to": [10, 2, 10],
			"rotation": {"angle": 0, "axis": "y", "origin": [9, 0, 9]},
			"faces": {
				"north": {"uv": [6, 6.25, 6.75, 6.75], "texture": "#0"},
				"east": {"uv": [6.5, 0, 7.25, 0.5], "texture": "#0"},
				"south": {"uv": [6.5, 0.5, 7.25, 1], "texture": "#0"},
				"west": {"uv": [6.5, 1, 7.25, 1.5], "texture": "#0"},
				"up": {"uv": [6.75, 4, 6, 3.25], "texture": "#0"},
				"down": {"uv": [6.75, 4, 6, 4.75], "texture": "#0"}
			}
		},
		{
			"from": [7, 2, 8],
			"to": [10, 10, 9],
			"rotation": {"angle": 0, "axis": "y", "origin": [8, 2, 8]},
			"faces": {
				"north": {"uv": [0, 4.25, 0.75, 6.25], "texture": "#0"},
				"east": {"uv": [1.5, 6.25, 1.75, 8.25], "texture": "#0"},
				"south": {"uv": [0.75, 4.25, 1.5, 6.25], "texture": "#0"},
				"west": {"uv": [1.75, 6.25, 2, 8.25], "texture": "#0"},
				"up": {"uv": [8.25, 4.25, 7.5, 4], "texture": "#0"},
				"down": {"uv": [8.5, 0, 7.75, 0.25], "texture": "#0"}
			}
		},
		{
			"from": [8, 2, 9],
			"to": [9, 10, 10],
			"rotation": {"angle": 0, "axis": "y", "origin": [8, 2, 9]},
			"faces": {
				"north": {"uv": [2, 6.25, 2.25, 8.25], "texture": "#0"},
				"east": {"uv": [2.25, 6.25, 2.5, 8.25], "texture": "#0"},
				"south": {"uv": [2.5, 6.25, 2.75, 8.25], "texture": "#0"},
				"west": {"uv": [2.75, 6.25, 3, 8.25], "texture": "#0"},
				"up": {"uv": [8, 4.5, 7.75, 4.25], "texture": "#0"},
				"down": {"uv": [8, 4.5, 7.75, 4.75], "texture": "#0"}
			}
		},
		{
			"from": [8, 2, 7],
			"to": [9, 10, 8],
			"rotation": {"angle": 0, "axis": "y", "origin": [8, 2, 7]},
			"faces": {
				"north": {"uv": [3, 6.25, 3.25, 8.25], "texture": "#0"},
				"east": {"uv": [3.25, 6.25, 3.5, 8.25], "texture": "#0"},
				"south": {"uv": [3.5, 6.25, 3.75, 8.25], "texture": "#0"},
				"west": {"uv": [3.75, 6.25, 4, 8.25], "texture": "#0"},
				"up": {"uv": [5, 8, 4.75, 7.75], "texture": "#0"},
				"down": {"uv": [8, 4.75, 7.75, 5], "texture": "#0"}
			}
		},
		{
			"from": [2, 11, 6],
			"to": [15, 17, 11],
			"rotation": {"angle": 0, "axis": "y", "origin": [8, 9, 8]},
			"faces": {
				"north": {"uv": [0, 0, 3.25, 1.5], "texture": "#0"},
				"east": {"uv": [3.25, 1.25, 4.5, 2.75], "texture": "#0"},
				"south": {"uv": [0, 1.5, 3.25, 3], "texture": "#0"},
				"west": {"uv": [3.25, 2.75, 4.5, 4.25], "texture": "#0"},
				"up": {"uv": [3.25, 4.25, 0, 3], "texture": "#0"},
				"down": {"uv": [6.5, 0, 3.25, 1.25], "texture": "#0"}
			}
		},
		{
			"from": [7, 17, 7],
			"to": [10, 18, 10],
			"rotation": {"angle": 0, "axis": "y", "origin": [8, 15, 8]},
			"faces": {
				"north": {"uv": [7.75, 0.25, 8.5, 0.5], "texture": "#0"},
				"east": {"uv": [7.75, 0.5, 8.5, 0.75], "texture": "#0"},
				"south": {"uv": [7.75, 0.75, 8.5, 1], "texture": "#0"},
				"west": {"uv": [7.75, 1, 8.5, 1.25], "texture": "#0"},
				"up": {"uv": [6.75, 5.5, 6, 4.75], "texture": "#0"},
				"down": {"uv": [6.75, 5.5, 6, 6.25], "texture": "#0"}
			}
		},
		{
			"from": [7, 10, 7],
			"to": [10, 11, 10],
			"rotation": {"angle": 0, "axis": "y", "origin": [8, 8, 8]},
			"faces": {
				"north": {"uv": [7.75, 1.25, 8.5, 1.5], "texture": "#0"},
				"east": {"uv": [7.75, 1.5, 8.5, 1.75], "texture": "#0"},
				"south": {"uv": [7.75, 1.75, 8.5, 2], "texture": "#0"},
				"west": {"uv": [7.75, 2, 8.5, 2.25], "texture": "#0"},
				"up": {"uv": [0.75, 7, 0, 6.25], "texture": "#0"},
				"down": {"uv": [1.5, 6.25, 0.75, 7], "texture": "#0"}
			}
		},
		{
			"from": [1, 10, 5],
			"to": [3, 18, 7],
			"rotation": {"angle": 0, "axis": "y", "origin": [2, 16, 6]},
			"faces": {
				"north": {"uv": [1.5, 4.25, 2, 6.25], "texture": "#0"},
				"east": {"uv": [2, 4.25, 2.5, 6.25], "texture": "#0"},
				"south": {"uv": [2.5, 4.25, 3, 6.25], "texture": "#0"},
				"west": {"uv": [3, 4.25, 3.5, 6.25], "texture": "#0"},
				"up": {"uv": [7.75, 0.5, 7.25, 0], "texture": "#0"},
				"down": {"uv": [7.75, 0.5, 7.25, 1], "texture": "#0"}
			}
		},
		{
			"from": [1, 10, 10],
			"to": [3, 18, 12],
			"rotation": {"angle": 0, "axis": "y", "origin": [2, 16, 11]},
			"faces": {
				"north": {"uv": [3.5, 4.25, 4, 6.25], "texture": "#0"},
				"east": {"uv": [4, 4.25, 4.5, 6.25], "texture": "#0"},
				"south": {"uv": [4.5, 1.25, 5, 3.25], "texture": "#0"},
				"west": {"uv": [4.5, 3.25, 5, 5.25], "texture": "#0"},
				"up": {"uv": [7.75, 1.5, 7.25, 1], "texture": "#0"},
				"down": {"uv": [7.75, 1.5, 7.25, 2], "texture": "#0"}
			}
		},
		{
			"from": [1, 10, 7],
			"to": [3, 12, 10],
			"rotation": {"angle": 0, "axis": "y", "origin": [2, 16, 8]},
			"faces": {
				"north": {"uv": [7.25, 2, 7.75, 2.5], "texture": "#0"},
				"east": {"uv": [6.5, 1.5, 7.25, 2], "texture": "#0"},
				"south": {"uv": [7.25, 4.25, 7.75, 4.75], "texture": "#0"},
				"west": {"uv": [6.5, 2, 7.25, 2.5], "texture": "#0"},
				"up": {"uv": [4.5, 7, 4, 6.25], "texture": "#0"},
				"down": {"uv": [7, 2.5, 6.5, 3.25], "texture": "#0"}
			}
		},
		{
			"from": [1, 13, 8],
			"to": [3, 15, 9],
			"rotation": {"angle": 0, "axis": "y", "origin": [2, 19, 8]},
			"faces": {
				"north": {"uv": [5, 7.25, 5.5, 7.75], "texture": "#0"},
				"east": {"uv": [1.25, 7, 1.5, 7.5], "texture": "#0"},
				"south": {"uv": [7.25, 5.25, 7.75, 5.75], "texture": "#0"},
				"west": {"uv": [6.5, 7.25, 6.75, 7.75], "texture": "#0"},
				"up": {"uv": [7.5, 3.25, 7, 3], "texture": "#0"},
				"down": {"uv": [0.5, 7.75, 0, 8], "texture": "#0"}
			}
		},
		{
			"from": [1, 16, 7],
			"to": [3, 18, 10],
			"rotation": {"angle": 0, "axis": "y", "origin": [2, 22, 8]},
			"faces": {
				"north": {"uv": [4.5, 7.25, 5, 7.75], "texture": "#0"},
				"east": {"uv": [6.75, 3.25, 7.5, 3.75], "texture": "#0"},
				"south": {"uv": [7.25, 4.75, 7.75, 5.25], "texture": "#0"},
				"west": {"uv": [6.75, 3.75, 7.5, 4.25], "texture": "#0"},
				"up": {"uv": [7.25, 5, 6.75, 4.25], "texture": "#0"},
				"down": {"uv": [7.25, 5, 6.75, 5.75], "texture": "#0"}
			}
		},
		{
			"from": [14, 10, 5],
			"to": [16, 18, 7],
			"rotation": {"angle": 0, "axis": "y", "origin": [15, 16, 6]},
			"faces": {
				"north": {"uv": [5, 1.25, 5.5, 3.25], "texture": "#0"},
				"east": {"uv": [5, 3.25, 5.5, 5.25], "texture": "#0"},
				"south": {"uv": [4.5, 5.25, 5, 7.25], "texture": "#0"},
				"west": {"uv": [5, 5.25, 5.5, 7.25], "texture": "#0"},
				"up": {"uv": [6, 7.75, 5.5, 7.25], "texture": "#0"},
				"down": {"uv": [6.5, 7.25, 6, 7.75], "texture": "#0"}
			}
		},
		{
			"from": [14, 10, 10],
			"to": [16, 18, 12],
			"rotation": {"angle": 0, "axis": "y", "origin": [15, 16, 11]},
			"faces": {
				"north": {"uv": [5.5, 1.25, 6, 3.25], "texture": "#0"},
				"east": {"uv": [5.5, 3.25, 6, 5.25], "texture": "#0"},
				"south": {"uv": [5.5, 5.25, 6, 7.25], "texture": "#0"},
				"west": {"uv": [6, 1.25, 6.5, 3.25], "texture": "#0"},
				"up": {"uv": [7.75, 6.75, 7.25, 6.25], "texture": "#0"},
				"down": {"uv": [7.75, 6.75, 7.25, 7.25], "texture": "#0"}
			}
		},
		{
			"from": [14, 10, 7],
			"to": [16, 12, 10],
			"rotation": {"angle": 0, "axis": "y", "origin": [15, 16, 8]},
			"faces": {
				"north": {"uv": [7.25, 7.25, 7.75, 7.75], "texture": "#0"},
				"east": {"uv": [6.75, 5.75, 7.5, 6.25], "texture": "#0"},
				"south": {"uv": [0.5, 7.5, 1, 8], "texture": "#0"},
				"west": {"uv": [6, 6.75, 6.75, 7.25], "texture": "#0"},
				"up": {"uv": [7.25, 7, 6.75, 6.25], "texture": "#0"},
				"down": {"uv": [0.5, 7, 0, 7.75], "texture": "#0"}
			}
		},
		{
			"from": [14, 13, 8],
			"to": [16, 15, 9],
			"rotation": {"angle": 0, "axis": "y", "origin": [15, 19, 8]},
			"faces": {
				"north": {"uv": [1, 7.5, 1.5, 8], "texture": "#0"},
				"east": {"uv": [7.75, 2.25, 8, 2.75], "texture": "#0"},
				"south": {"uv": [7.5, 3, 8, 3.5], "texture": "#0"},
				"west": {"uv": [4, 7.75, 4.25, 8.25], "texture": "#0"},
				"up": {"uv": [8.25, 3, 7.75, 2.75], "texture": "#0"},
				"down": {"uv": [4.75, 7.75, 4.25, 8], "texture": "#0"}
			}
		},
		{
			"from": [14, 16, 7],
			"to": [16, 18, 10],
			"rotation": {"angle": 0, "axis": "y", "origin": [15, 22, 8]},
			"faces": {
				"north": {"uv": [7.5, 3.5, 8, 4], "texture": "#0"},
				"east": {"uv": [0.5, 7, 1.25, 7.5], "texture": "#0"},
				"south": {"uv": [7.5, 5.75, 8, 6.25], "texture": "#0"},
				"west": {"uv": [7, 2.5, 7.75, 3], "texture": "#0"},
				"up": {"uv": [4.5, 7.75, 4, 7], "texture": "#0"},
				"down": {"uv": [7.25, 7, 6.75, 7.75], "texture": "#0"}
			}
		}
	],
	"display": {
		"thirdperson_righthand": {
			"rotation": [0, 90, 0],
			"translation": [-0.5, 1.5, 2.5]
		},
		"thirdperson_lefthand": {
			"rotation": [0, 90, 0],
			"translation": [-0.5, 1.5, 1.5]
		},
		"firstperson_righthand": {
			"rotation": [0, 90, 0],
			"scale": [0.75, 0.75, 0.75]
		},
		"firstperson_lefthand": {
			"rotation": [0, 90, 0],
			"scale": [0.75, 0.75, 0.75]
		},
		"ground": {
			"translation": [0, 4.25, 0]
		},
		"gui": {
			"translation": [0, -0.5, 0],
			"scale": [0.8, 0.8, 0.8]
		},
		"fixed": {
			"translation": [0, -0.5, 0]
		}
	},
	"groups": [
		0,
		1,
		2,
		3,
		4,
		5,
		6,
		{
			"name": "bone",
			"origin": [8, 0, 8],
			"color": 0,
			"children": [7, 8, 9, 10, 11]
		},
		{
			"name": "bone2",
			"origin": [21, 0, 8],
			"color": 0,
			"children": [12, 13, 14, 15, 16]
		}
	]
}
