{
	"credit": "Made with Blockbench",
	"texture_size": [32, 32],
	"textures": {
		"0": "ppg:item/rw/galus_imperium",
		"particle": "ppg:item/rw/galus_imperium"
	},
	"elements": [
		{
			"from": [3.5, 7, 3.5],
			"to": [12.5, 9, 12.5],
			"rotation": {"angle": 0, "axis": "y", "origin": [9, 7, 4]},
			"faces": {
				"north": {"uv": [4.5, 0, 9, 1], "texture": "#0"},
				"east": {"uv": [4.5, 1, 9, 2], "texture": "#0"},
				"south": {"uv": [4.5, 2, 9, 3], "texture": "#0"},
				"west": {"uv": [4.5, 3, 9, 4], "texture": "#0"},
				"up": {"uv": [4.5, 4.5, 0, 0], "texture": "#0"},
				"down": {"uv": [4.5, 4.5, 0, 9], "texture": "#0"}
			}
		},
		{
			"from": [3.5, 9, 11.5],
			"to": [12.5, 10, 12.5],
			"rotation": {"angle": 0, "axis": "y", "origin": [9, 9, 4]},
			"faces": {
				"north": {"uv": [4.5, 4, 9, 4.5], "texture": "#0"},
				"east": {"uv": [10.5, 7.5, 11, 8], "texture": "#0"},
				"south": {"uv": [4.5, 4.5, 9, 5], "texture": "#0"},
				"west": {"uv": [9, 10.5, 9.5, 11], "texture": "#0"},
				"up": {"uv": [9, 5.5, 4.5, 5], "texture": "#0"},
				"down": {"uv": [9, 5.5, 4.5, 6], "texture": "#0"}
			}
		},
		{
			"from": [6.5, 10, 11.5],
			"to": [9.5, 13, 12.5],
			"rotation": {"angle": 0, "axis": "y", "origin": [9, 10, 4]},
			"faces": {
				"north": {"uv": [4.5, 6, 6, 7.5], "texture": "#0"},
				"east": {"uv": [9, 3.5, 9.5, 5], "texture": "#0"},
				"south": {"uv": [6, 6, 7.5, 7.5], "texture": "#0"},
				"west": {"uv": [4, 9, 4.5, 10.5], "texture": "#0"},
				"up": {"uv": [10.5, 5.5, 9, 5], "texture": "#0"},
				"down": {"uv": [7, 9, 5.5, 9.5], "texture": "#0"}
			}
		},
		{
			"from": [7.5, 13, 11.5],
			"to": [8.5, 14, 12.5],
			"rotation": {"angle": 0, "axis": "z", "origin": [8, 13.5, 12]},
			"faces": {
				"north": {"uv": [9, 5.5, 9.5, 6], "texture": "#0"},
				"east": {"uv": [9, 7.5, 9.5, 8], "texture": "#0"},
				"south": {"uv": [9.5, 5.5, 10, 6], "texture": "#0"},
				"west": {"uv": [9.5, 7.5, 10, 8], "texture": "#0"},
				"up": {"uv": [10.5, 6, 10, 5.5], "texture": "#0"},
				"down": {"uv": [10.5, 7.5, 10, 8], "texture": "#0"}
			}
		},
		{
			"from": [4.5, 10, 11.5],
			"to": [5.5, 12, 12.5],
			"rotation": {"angle": 0, "axis": "y", "origin": [6, 10, 4]},
			"faces": {
				"north": {"uv": [7, 9, 7.5, 10], "texture": "#0"},
				"east": {"uv": [7.5, 9, 8, 10], "texture": "#0"},
				"south": {"uv": [8, 9, 8.5, 10], "texture": "#0"},
				"west": {"uv": [8.5, 9, 9, 10], "texture": "#0"},
				"up": {"uv": [10, 11, 9.5, 10.5], "texture": "#0"},
				"down": {"uv": [11, 9.5, 10.5, 10], "texture": "#0"}
			}
		},
		{
			"from": [10.5, 10, 11.5],
			"to": [11.5, 12, 12.5],
			"rotation": {"angle": 0, "axis": "y", "origin": [12, 10, 4]},
			"faces": {
				"north": {"uv": [9, 8.5, 9.5, 9.5], "texture": "#0"},
				"east": {"uv": [0, 9.5, 0.5, 10.5], "texture": "#0"},
				"south": {"uv": [9.5, 0, 10, 1], "texture": "#0"},
				"west": {"uv": [0.5, 9.5, 1, 10.5], "texture": "#0"},
				"up": {"uv": [10.5, 11, 10, 10.5], "texture": "#0"},
				"down": {"uv": [11, 10, 10.5, 10.5], "texture": "#0"}
			}
		},
		{
			"from": [11.5, 10, 9.5],
			"to": [12.5, 12, 10.5],
			"rotation": {"angle": 0, "axis": "y", "origin": [13, 10, 2]},
			"faces": {
				"north": {"uv": [1, 9.5, 1.5, 10.5], "texture": "#0"},
				"east": {"uv": [9.5, 1, 10, 2], "texture": "#0"},
				"south": {"uv": [1.5, 9.5, 2, 10.5], "texture": "#0"},
				"west": {"uv": [2, 9.5, 2.5, 10.5], "texture": "#0"},
				"up": {"uv": [11, 11, 10.5, 10.5], "texture": "#0"},
				"down": {"uv": [11.5, 0, 11, 0.5], "texture": "#0"}
			}
		},
		{
			"from": [11.5, 10, 7.5],
			"to": [12.5, 12, 8.5],
			"rotation": {"angle": 0, "axis": "y", "origin": [13, 10, 0]},
			"faces": {
				"north": {"uv": [9.5, 2, 10, 3], "texture": "#0"},
				"east": {"uv": [2.5, 9.5, 3, 10.5], "texture": "#0"},
				"south": {"uv": [3, 9.5, 3.5, 10.5], "texture": "#0"},
				"west": {"uv": [9.5, 3, 10, 4], "texture": "#0"},
				"up": {"uv": [11.5, 1, 11, 0.5], "texture": "#0"},
				"down": {"uv": [11.5, 1, 11, 1.5], "texture": "#0"}
			}
		},
		{
			"from": [11.5, 10, 3.5],
			"to": [12.5, 12, 4.5],
			"rotation": {"angle": 0, "axis": "y", "origin": [13, 10, -4]},
			"faces": {
				"north": {"uv": [9.5, 4, 10, 5], "texture": "#0"},
				"east": {"uv": [5.5, 9.5, 6, 10.5], "texture": "#0"},
				"south": {"uv": [6, 9.5, 6.5, 10.5], "texture": "#0"},
				"west": {"uv": [6.5, 9.5, 7, 10.5], "texture": "#0"},
				"up": {"uv": [11.5, 2, 11, 1.5], "texture": "#0"},
				"down": {"uv": [11.5, 2, 11, 2.5], "texture": "#0"}
			}
		},
		{
			"from": [11.5, 10, 5.5],
			"to": [12.5, 12, 6.5],
			"rotation": {"angle": 0, "axis": "y", "origin": [13, 10, -2]},
			"faces": {
				"north": {"uv": [9.5, 8.5, 10, 9.5], "texture": "#0"},
				"east": {"uv": [9, 9.5, 9.5, 10.5], "texture": "#0"},
				"south": {"uv": [9.5, 9.5, 10, 10.5], "texture": "#0"},
				"west": {"uv": [10, 0, 10.5, 1], "texture": "#0"},
				"up": {"uv": [11.5, 3, 11, 2.5], "texture": "#0"},
				"down": {"uv": [11.5, 3, 11, 3.5], "texture": "#0"}
			}
		},
		{
			"from": [7.5, 10, 3.5],
			"to": [8.5, 12, 4.5],
			"rotation": {"angle": 0, "axis": "y", "origin": [8, 10, -4]},
			"faces": {
				"north": {"uv": [10, 1, 10.5, 2], "texture": "#0"},
				"east": {"uv": [10, 2, 10.5, 3], "texture": "#0"},
				"south": {"uv": [10, 3, 10.5, 4], "texture": "#0"},
				"west": {"uv": [10, 4, 10.5, 5], "texture": "#0"},
				"up": {"uv": [11.5, 4, 11, 3.5], "texture": "#0"},
				"down": {"uv": [11.5, 4, 11, 4.5], "texture": "#0"}
			}
		},
		{
			"from": [5.5, 10, 3.5],
			"to": [6.5, 12, 4.5],
			"rotation": {"angle": 0, "axis": "y", "origin": [6, 10, -4]},
			"faces": {
				"north": {"uv": [7, 10, 7.5, 11], "texture": "#0"},
				"east": {"uv": [7.5, 10, 8, 11], "texture": "#0"},
				"south": {"uv": [8, 10, 8.5, 11], "texture": "#0"},
				"west": {"uv": [8.5, 10, 9, 11], "texture": "#0"},
				"up": {"uv": [11.5, 5, 11, 4.5], "texture": "#0"},
				"down": {"uv": [11.5, 5, 11, 5.5], "texture": "#0"}
			}
		},
		{
			"from": [9.5, 10, 3.5],
			"to": [10.5, 12, 4.5],
			"rotation": {"angle": 0, "axis": "y", "origin": [11, 10, -4]},
			"faces": {
				"north": {"uv": [10, 8.5, 10.5, 9.5], "texture": "#0"},
				"east": {"uv": [10, 9.5, 10.5, 10.5], "texture": "#0"},
				"south": {"uv": [0, 10.5, 0.5, 11.5], "texture": "#0"},
				"west": {"uv": [10.5, 0, 11, 1], "texture": "#0"},
				"up": {"uv": [11.5, 6, 11, 5.5], "texture": "#0"},
				"down": {"uv": [7.5, 11, 7, 11.5], "texture": "#0"}
			}
		},
		{
			"from": [3.5, 10, 3.5],
			"to": [4.5, 12, 4.5],
			"rotation": {"angle": 0, "axis": "y", "origin": [5, 10, -4]},
			"faces": {
				"north": {"uv": [0.5, 10.5, 1, 11.5], "texture": "#0"},
				"east": {"uv": [1, 10.5, 1.5, 11.5], "texture": "#0"},
				"south": {"uv": [10.5, 1, 11, 2], "texture": "#0"},
				"west": {"uv": [1.5, 10.5, 2, 11.5], "texture": "#0"},
				"up": {"uv": [8, 11.5, 7.5, 11], "texture": "#0"},
				"down": {"uv": [11.5, 7.5, 11, 8], "texture": "#0"}
			}
		},
		{
			"from": [3.5, 10, 5.5],
			"to": [4.5, 12, 6.5],
			"rotation": {"angle": 0, "axis": "y", "origin": [5, 10, -2]},
			"faces": {
				"north": {"uv": [2, 10.5, 2.5, 11.5], "texture": "#0"},
				"east": {"uv": [10.5, 2, 11, 3], "texture": "#0"},
				"south": {"uv": [2.5, 10.5, 3, 11.5], "texture": "#0"},
				"west": {"uv": [3, 10.5, 3.5, 11.5], "texture": "#0"},
				"up": {"uv": [8.5, 11.5, 8, 11], "texture": "#0"},
				"down": {"uv": [9, 11, 8.5, 11.5], "texture": "#0"}
			}
		},
		{
			"from": [3.5, 10, 7.5],
			"to": [4.5, 12, 8.5],
			"rotation": {"angle": 0, "axis": "y", "origin": [5, 10, 0]},
			"faces": {
				"north": {"uv": [10.5, 3, 11, 4], "texture": "#0"},
				"east": {"uv": [4, 10.5, 4.5, 11.5], "texture": "#0"},
				"south": {"uv": [10.5, 4, 11, 5], "texture": "#0"},
				"west": {"uv": [10.5, 5, 11, 6], "texture": "#0"},
				"up": {"uv": [11.5, 9, 11, 8.5], "texture": "#0"},
				"down": {"uv": [9.5, 11, 9, 11.5], "texture": "#0"}
			}
		},
		{
			"from": [3.5, 10, 9.5],
			"to": [4.5, 12, 10.5],
			"rotation": {"angle": 0, "axis": "y", "origin": [5, 10, 2]},
			"faces": {
				"north": {"uv": [5.5, 10.5, 6, 11.5], "texture": "#0"},
				"east": {"uv": [6, 10.5, 6.5, 11.5], "texture": "#0"},
				"south": {"uv": [6.5, 10.5, 7, 11.5], "texture": "#0"},
				"west": {"uv": [10.5, 8.5, 11, 9.5], "texture": "#0"},
				"up": {"uv": [11.5, 9.5, 11, 9], "texture": "#0"},
				"down": {"uv": [10, 11, 9.5, 11.5], "texture": "#0"}
			}
		},
		{
			"from": [3.5, 9, 3.5],
			"to": [12.5, 10, 4.5],
			"rotation": {"angle": 0, "axis": "y", "origin": [9, 9, -4]},
			"faces": {
				"north": {"uv": [4.5, 7.5, 9, 8], "texture": "#0"},
				"east": {"uv": [11, 9.5, 11.5, 10], "texture": "#0"},
				"south": {"uv": [7.5, 6, 12, 6.5], "texture": "#0"},
				"west": {"uv": [10, 11, 10.5, 11.5], "texture": "#0"},
				"up": {"uv": [12, 7, 7.5, 6.5], "texture": "#0"},
				"down": {"uv": [12, 7, 7.5, 7.5], "texture": "#0"}
			}
		},
		{
			"from": [11.5, 9, 4.5],
			"to": [12.5, 10, 11.5],
			"rotation": {"angle": 0, "axis": "y", "origin": [9, 9, 0]},
			"faces": {
				"north": {"uv": [11, 10, 11.5, 10.5], "texture": "#0"},
				"east": {"uv": [4.5, 8, 8, 8.5], "texture": "#0"},
				"south": {"uv": [10.5, 11, 11, 11.5], "texture": "#0"},
				"west": {"uv": [8, 8, 11.5, 8.5], "texture": "#0"},
				"up": {"uv": [5, 12, 4.5, 8.5], "texture": "#0"},
				"down": {"uv": [5.5, 8.5, 5, 12], "texture": "#0"}
			}
		},
		{
			"from": [3.5, 9, 4.5],
			"to": [4.5, 10, 11.5],
			"rotation": {"angle": 0, "axis": "y", "origin": [1, 9, 0]},
			"faces": {
				"north": {"uv": [11, 10.5, 11.5, 11], "texture": "#0"},
				"east": {"uv": [5.5, 8.5, 9, 9], "texture": "#0"},
				"south": {"uv": [11, 11, 11.5, 11.5], "texture": "#0"},
				"west": {"uv": [0, 9, 3.5, 9.5], "texture": "#0"},
				"up": {"uv": [9.5, 3.5, 9, 0], "texture": "#0"},
				"down": {"uv": [4, 9, 3.5, 12.5], "texture": "#0"}
			}
		}
	],
	"display": {
		"thirdperson_righthand": {
			"translation": [0, 1, 0]
		},
		"thirdperson_lefthand": {
			"translation": [0, 1, 0]
		},
		"firstperson_righthand": {
			"translation": [0, 1.5, 0],
			"scale": [0.5, 0.5, 0.5]
		},
		"firstperson_lefthand": {
			"translation": [0, 1.5, 0],
			"scale": [0.5, 0.5, 0.5]
		},
		"ground": {
			"translation": [0, -2.5, 0]
		},
		"gui": {
			"rotation": [22, 34, 0],
			"translation": [0, -1.75, 0],
			"scale": [1.25, 1.25, 1.25]
		},
		"head": {
			"rotation": [0, 180, 0],
			"translation": [0, 4.75, 0],
			"scale": [1.7, 1.7, 1.7]
		},
		"fixed": {
			"rotation": [-41, -151, 0],
			"translation": [0, -1.5, -2.75],
			"scale": [1.3, 1.3, 1.3]
		}
	}
}