{
	"credit": "Made with Blockbench",
	"parent": "32",
	"texture_size": [60, 60],
	"textures": {
		"0": "ppg:item/rw/orb_of_ignis",
		"particle": "ppg:item/rw/orb_of_ignis"
	},
	"elements": [
		{
			"from": [3, 3, 3],
			"to": [13, 13, 13],
			"rotation": {"angle": -45, "axis": "x", "origin": [8, 8, 8]},
			"faces": {
				"north": {"uv": [15.73333, 7.73333, 13.06667, 5.06667], "texture": "#0"},
				"east": {"uv": [15.73333, 7.73333, 13.06667, 5.06667], "texture": "#0"},
				"south": {"uv": [15.73333, 7.73333, 13.06667, 5.06667], "texture": "#0"},
				"west": {"uv": [15.73333, 7.73333, 13.06667, 5.06667], "texture": "#0"},
				"up": {"uv": [15.73333, 7.73333, 13.06667, 5.06667], "texture": "#0"},
				"down": {"uv": [15.73333, 7.73333, 13.06667, 5.06667], "texture": "#0"}
			}
		},
		{
			"from": [4, 5, 3],
			"to": [12, 13, 11],
			"rotation": {"angle": -45, "axis": "x", "origin": [7, 10, 8]},
			"faces": {
				"north": {"uv": [15.46667, 7.46667, 13.33333, 5.33333], "texture": "#0"},
				"east": {"uv": [15.46667, 7.46667, 13.33333, 5.33333], "texture": "#0"},
				"south": {"uv": [15.46667, 7.46667, 13.33333, 5.33333], "texture": "#0"},
				"west": {"uv": [15.46667, 7.46667, 13.33333, 5.33333], "texture": "#0"},
				"up": {"uv": [15.46667, 7.46667, 13.33333, 5.33333], "texture": "#0"},
				"down": {"uv": [15.46667, 7.46667, 13.33333, 5.33333], "texture": "#0"}
			}
		},
		{
			"from": [6, 7, 3],
			"to": [10, 11, 7],
			"rotation": {"angle": -45, "axis": "x", "origin": [9, 12, 8]},
			"faces": {
				"north": {"uv": [14.93333, 6.93333, 13.86667, 5.86667], "texture": "#0"},
				"east": {"uv": [14.93333, 6.93333, 13.86667, 5.86667], "texture": "#0"},
				"south": {"uv": [14.93333, 6.93333, 13.86667, 5.86667], "texture": "#0"},
				"west": {"uv": [14.93333, 6.93333, 13.86667, 5.86667], "texture": "#0"},
				"up": {"uv": [14.93333, 6.93333, 13.86667, 5.86667], "texture": "#0"},
				"down": {"uv": [14.93333, 6.93333, 13.86667, 5.86667], "texture": "#0"}
			}
		},
		{
			"from": [0.5, 0.5, 0.5],
			"to": [15.5, 15.5, 0.5],
			"rotation": {"angle": 0, "axis": "z", "origin": [8, 8, 8]},
			"faces": {
				"north": {"uv": [0, 0, 4, 4], "texture": "#0"},
				"east": {"uv": [8, 8, 8, 12], "texture": "#0"},
				"south": {"uv": [4, 0, 0, 4], "texture": "#0"},
				"west": {"uv": [12, 8, 12, 12], "texture": "#0"},
				"up": {"uv": [12, 8, 8, 8], "texture": "#0"},
				"down": {"uv": [16, 8, 12, 8], "texture": "#0"}
			}
		},
		{
			"from": [0.5, 0.5, 0.5],
			"to": [0.5, 15.5, 15.5],
			"rotation": {"angle": 0, "axis": "y", "origin": [8, 8, 8]},
			"faces": {
				"north": {"uv": [8, 8, 8, 12], "texture": "#0"},
				"east": {"uv": [8, 0, 4, 4], "texture": "#0"},
				"south": {"uv": [12, 8, 12, 12], "texture": "#0"},
				"west": {"uv": [4, 0, 8, 4], "texture": "#0"},
				"up": {"uv": [12, 8, 8, 8], "rotation": 270, "texture": "#0"},
				"down": {"uv": [16, 8, 12, 8], "rotation": 90, "texture": "#0"}
			}
		},
		{
			"from": [0.5, 0.5, 15.5],
			"to": [15.5, 15.5, 15.5],
			"rotation": {"angle": 0, "axis": "y", "origin": [8, 8, 8]},
			"faces": {
				"north": {"uv": [12, 0, 8, 4], "texture": "#0"},
				"east": {"uv": [12, 8, 12, 12], "texture": "#0"},
				"south": {"uv": [8, 0, 12, 4], "texture": "#0"},
				"west": {"uv": [8, 8, 8, 12], "texture": "#0"},
				"up": {"uv": [12, 8, 8, 8], "rotation": 180, "texture": "#0"},
				"down": {"uv": [16, 8, 12, 8], "rotation": 180, "texture": "#0"}
			}
		},
		{
			"from": [15.5, 0.5, 0.5],
			"to": [15.5, 15.5, 15.5],
			"rotation": {"angle": 0, "axis": "y", "origin": [8, 8, 8]},
			"faces": {
				"north": {"uv": [12, 8, 12, 12], "texture": "#0"},
				"east": {"uv": [12, 0, 16, 4], "texture": "#0"},
				"south": {"uv": [8, 8, 8, 12], "texture": "#0"},
				"west": {"uv": [16, 0, 12, 4], "texture": "#0"},
				"up": {"uv": [12, 8, 8, 8], "rotation": 90, "texture": "#0"},
				"down": {"uv": [16, 8, 12, 8], "rotation": 270, "texture": "#0"}
			}
		}
	],
	"display": {
		"thirdperson_righthand": {
			"rotation": [0, 45, 45],
			"translation": [0, 4.75, 0],
			"scale": [0.5, 0.5, 0.5]
		},
		"thirdperson_lefthand": {
			"rotation": [0, 45, -45],
			"translation": [0, 4.75, 0],
			"scale": [0.5, 0.5, 0.5]
		},
		"firstperson_righthand": {
			"rotation": [0, 45, 45],
			"translation": [0, 4.5, 0],
			"scale": [0.4, 0.4, 0.4]
		},
		"firstperson_lefthand": {
			"rotation": [0, 45, -45],
			"translation": [0, 4.5, 0],
			"scale": [0.4, 0.4, 0.4]
		},
		"ground": {
			"rotation": [0, 45, 45],
			"scale": [0.5, 0.5, 0.5]
		},
		"gui": {
			"rotation": [0, 45, 45],
			"scale": [0.75, 0.75, 0.75]
		}
	}
}
