{
	"credit": "Made with Blockbench",
	"texture_size": [64, 64],
	"textures": {
		"0": "ppg:item/rw/terra_imperium",
		"particle": "ppg:item/rw/terra_imperium"
	},
	"elements": [
		{
			"from": [3.5, 0, 10.5],
			"to": [4.5, 7, 12.5],
			"rotation": {"angle": 0, "axis": "y", "origin": [3, 0, -4]},
			"faces": {
				"north": {"uv": [2.5, 7.75, 2.75, 9.75], "texture": "#0"},
				"east": {"uv": [4, 5.5, 4.5, 7.5], "texture": "#0"},
				"south": {"uv": [2.75, 7.75, 3, 9.75], "texture": "#0"},
				"west": {"uv": [7, 6, 7.5, 8], "texture": "#0"},
				"up": {"uv": [2.5, 9.75, 2.25, 9.25], "texture": "#0"},
				"down": {"uv": [9.5, 7.75, 9.25, 8.25], "texture": "#0"}
			}
		},
		{
			"from": [11.5, 0, 10.5],
			"to": [12.5, 7, 12.5],
			"rotation": {"angle": 0, "axis": "y", "origin": [11, 0, -4]},
			"faces": {
				"north": {"uv": [3, 7.75, 3.25, 9.75], "texture": "#0"},
				"east": {"uv": [7.5, 1, 8, 3], "texture": "#0"},
				"south": {"uv": [3.25, 7.75, 3.5, 9.75], "texture": "#0"},
				"west": {"uv": [4, 7.5, 4.5, 9.5], "texture": "#0"},
				"up": {"uv": [4.5, 10, 4.25, 9.5], "texture": "#0"},
				"down": {"uv": [9.75, 5.25, 9.5, 5.75], "texture": "#0"}
			}
		},
		{
			"from": [3.5, 2, 4.5],
			"to": [4.5, 4, 6.5],
			"rotation": {"angle": 0, "axis": "y", "origin": [3, 0, -4]},
			"faces": {
				"north": {"uv": [9.25, 9.25, 9.5, 9.75], "texture": "#0"},
				"east": {"uv": [8.5, 5.25, 9, 5.75], "texture": "#0"},
				"south": {"uv": [9.5, 0, 9.75, 0.5], "texture": "#0"},
				"west": {"uv": [9, 5.25, 9.5, 5.75], "texture": "#0"},
				"up": {"uv": [9.75, 1, 9.5, 0.5], "texture": "#0"},
				"down": {"uv": [4.25, 9.5, 4, 10], "texture": "#0"}
			}
		},
		{
			"from": [11.5, 2, 4.5],
			"to": [12.5, 4, 6.5],
			"rotation": {"angle": 0, "axis": "y", "origin": [11, 0, -4]},
			"faces": {
				"north": {"uv": [9.5, 7.75, 9.75, 8.25], "texture": "#0"},
				"east": {"uv": [1.75, 9.25, 2.25, 9.75], "texture": "#0"},
				"south": {"uv": [9.5, 8.25, 9.75, 8.75], "texture": "#0"},
				"west": {"uv": [9.25, 2, 9.75, 2.5], "texture": "#0"},
				"up": {"uv": [9.75, 9.25, 9.5, 8.75], "texture": "#0"},
				"down": {"uv": [9.75, 9.25, 9.5, 9.75], "texture": "#0"}
			}
		},
		{
			"from": [3.5, 4, 4.5],
			"to": [4.5, 7, 10.5],
			"rotation": {"angle": 0, "axis": "y", "origin": [3, 0, -4]},
			"faces": {
				"north": {"uv": [1.25, 9.25, 1.5, 10.25], "texture": "#0"},
				"east": {"uv": [6, 1, 7.5, 2], "texture": "#0"},
				"south": {"uv": [1.5, 9.25, 1.75, 10.25], "texture": "#0"},
				"west": {"uv": [6, 2, 7.5, 3], "texture": "#0"},
				"up": {"uv": [0.75, 10.75, 0.5, 9.25], "texture": "#0"},
				"down": {"uv": [1, 9.25, 0.75, 10.75], "texture": "#0"}
			}
		},
		{
			"from": [11.5, 4, 4.5],
			"to": [12.5, 7, 10.5],
			"rotation": {"angle": 0, "axis": "y", "origin": [11, 0, -4]},
			"faces": {
				"north": {"uv": [9, 2, 9.25, 3], "texture": "#0"},
				"east": {"uv": [5.5, 5.25, 7, 6.25], "texture": "#0"},
				"south": {"uv": [1, 9.25, 1.25, 10.25], "texture": "#0"},
				"west": {"uv": [6, 0, 7.5, 1], "texture": "#0"},
				"up": {"uv": [0.25, 10.75, 0, 9.25], "texture": "#0"},
				"down": {"uv": [0.5, 9.25, 0.25, 10.75], "texture": "#0"}
			}
		},
		{
			"from": [11.5, 5, 0.5],
			"to": [15.5, 6, 15.5],
			"rotation": {"angle": -22.5, "axis": "z", "origin": [13.5, 5.5, 8]},
			"faces": {
				"north": {"uv": [8, 2.75, 9, 3], "texture": "#0"},
				"east": {"uv": [7.5, 3.5, 11.25, 3.75], "texture": "#0"},
				"south": {"uv": [8.5, 5.75, 9.5, 6], "texture": "#0"},
				"west": {"uv": [7.5, 6, 11.25, 6.25], "texture": "#0"},
				"up": {"uv": [5, 3.75, 4, 0], "texture": "#0"},
				"down": {"uv": [5.5, 3.75, 4.5, 7.5], "texture": "#0"}
			}
		},
		{
			"from": [0.5, 5, 0.5],
			"to": [4.5, 6, 15.5],
			"rotation": {"angle": 22.5, "axis": "z", "origin": [2.5, 5.5, 8]},
			"faces": {
				"north": {"uv": [9.25, 2.5, 10.25, 2.75], "texture": "#0"},
				"east": {"uv": [7.5, 6.25, 11.25, 6.5], "texture": "#0"},
				"south": {"uv": [9.25, 2.75, 10.25, 3], "texture": "#0"},
				"west": {"uv": [7.5, 6.5, 11.25, 6.75], "texture": "#0"},
				"up": {"uv": [6, 3.75, 5, 0], "texture": "#0"},
				"down": {"uv": [1, 5.5, 0, 9.25], "texture": "#0"}
			}
		},
		{
			"from": [4, 6.5, 0.5],
			"to": [12, 7.5, 15.5],
			"rotation": {"angle": 0, "axis": "y", "origin": [8, 7, 11]},
			"faces": {
				"north": {"uv": [8, 1.5, 10, 1.75], "texture": "#0"},
				"east": {"uv": [7.5, 3, 11.25, 3.25], "texture": "#0"},
				"south": {"uv": [8, 1.75, 10, 2], "texture": "#0"},
				"west": {"uv": [7.5, 3.25, 11.25, 3.5], "texture": "#0"},
				"up": {"uv": [2, 3.75, 0, 0], "texture": "#0"},
				"down": {"uv": [4, 0, 2, 3.75], "texture": "#0"}
			}
		},
		{
			"from": [3.5, 1, 3.5],
			"to": [12.5, 7, 4.5],
			"rotation": {"angle": 0, "axis": "y", "origin": [8, 6, 4]},
			"faces": {
				"north": {"uv": [0, 3.75, 2.25, 5.5], "texture": "#0"},
				"east": {"uv": [9, 6.75, 9.25, 8.5], "texture": "#0"},
				"south": {"uv": [2.25, 3.75, 4.5, 5.5], "texture": "#0"},
				"west": {"uv": [9, 8.5, 9.25, 10.25], "texture": "#0"},
				"up": {"uv": [10, 4, 7.75, 3.75], "texture": "#0"},
				"down": {"uv": [10, 4, 7.75, 4.25], "texture": "#0"}
			}
		},
		{
			"from": [4, 5.5, 11.5],
			"to": [12, 7.5, 12.5],
			"rotation": {"angle": 0, "axis": "y", "origin": [8, 8, 8]},
			"faces": {
				"north": {"uv": [7.75, 4.25, 9.75, 4.5], "texture": "#0"},
				"east": {"uv": [9.5, 5.75, 9.75, 6], "texture": "#0"},
				"south": {"uv": [7.75, 4.5, 9.75, 4.75], "texture": "#0"},
				"west": {"uv": [9.75, 0, 10, 0.25], "texture": "#0"},
				"up": {"uv": [9.75, 5, 7.75, 4.75], "texture": "#0"},
				"down": {"uv": [9.75, 5, 7.75, 5.25], "texture": "#0"}
			}
		},
		{
			"from": [5, 7.5, 3.5],
			"to": [11, 10.5, 12.5],
			"rotation": {"angle": 0, "axis": "y", "origin": [8, 8, 8]},
			"faces": {
				"north": {"uv": [6, 3, 7.5, 3.75], "texture": "#0"},
				"east": {"uv": [5.5, 3.75, 7.75, 4.5], "texture": "#0"},
				"south": {"uv": [5.5, 6.25, 7, 7], "texture": "#0"},
				"west": {"uv": [5.5, 4.5, 7.75, 5.25], "texture": "#0"},
				"up": {"uv": [2.5, 7.75, 1, 5.5], "texture": "#0"},
				"down": {"uv": [4, 5.5, 2.5, 7.75], "texture": "#0"}
			}
		},
		{
			"from": [7, 10.5, 3.5],
			"to": [9, 13.5, 9.5],
			"rotation": {"angle": 0, "axis": "y", "origin": [8, 11, 8]},
			"faces": {
				"north": {"uv": [8, 2, 8.5, 2.75], "texture": "#0"},
				"east": {"uv": [7, 5.25, 8.5, 6], "texture": "#0"},
				"south": {"uv": [8.5, 2, 9, 2.75], "texture": "#0"},
				"west": {"uv": [5.5, 7, 7, 7.75], "texture": "#0"},
				"up": {"uv": [5, 9, 4.5, 7.5], "texture": "#0"},
				"down": {"uv": [5.5, 7.5, 5, 9], "texture": "#0"}
			}
		},
		{
			"from": [7, 7.5, 1.5],
			"to": [9, 13.5, 3.5],
			"rotation": {"angle": 0, "axis": "y", "origin": [8, 11, 5]},
			"faces": {
				"north": {"uv": [7.5, 6.75, 8, 8.25], "texture": "#0"},
				"east": {"uv": [1, 7.75, 1.5, 9.25], "texture": "#0"},
				"south": {"uv": [1.5, 7.75, 2, 9.25], "texture": "#0"},
				"west": {"uv": [2, 7.75, 2.5, 9.25], "texture": "#0"},
				"up": {"uv": [9.75, 7.25, 9.25, 6.75], "texture": "#0"},
				"down": {"uv": [9.75, 7.25, 9.25, 7.75], "texture": "#0"}
			}
		}
	],
	"display": {
		"thirdperson_righthand": {
			"translation": [0, 2.5, 0]
		},
		"thirdperson_lefthand": {
			"translation": [0, 2.5, 0]
		},
		"firstperson_righthand": {
			"translation": [0, 3, 0],
			"scale": [0.5, 0.5, 0.5]
		},
		"firstperson_lefthand": {
			"translation": [0, 3, 0],
			"scale": [0.5, 0.5, 0.5]
		},
		"ground": {
			"translation": [0, 4.5, 0]
		},
		"gui": {
			"rotation": [13, 38, 0],
			"translation": [0, 1.25, 0],
			"scale": [0.75, 0.75, 0.75]
		},
		"head": {
			"rotation": [0, 180, 0],
			"translation": [0, 8.15, 0],
			"scale": [1.82, 1.82, 1.82]
		},
		"fixed": {
			"rotation": [0, -135, 0],
			"translation": [0, 0, -1.5]
		}
	}
}