{
	"credit": "Made with Blockbench",
	"texture_size": [64, 64],
	"textures": {
		"0": "ppg:item/rw/umbra_imperium",
		"particle": "ppg:item/rw/umbra_imperium"
	},
	"elements": [
		{
			"name": "lflap",
			"from": [3.5, 2, 3.5],
			"to": [4.5, 8, 11.5],
			"rotation": {"angle": -22.5, "axis": "z", "origin": [4, 6, 7.5]},
			"faces": {
				"north": {"uv": [0.5, 6.5, 0.75, 8], "texture": "#0"},
				"east": {"uv": [0, 4, 2, 5.5], "texture": "#0"},
				"south": {"uv": [0.75, 6.5, 1, 8], "texture": "#0"},
				"west": {"uv": [4, 0, 6, 1.5], "texture": "#0"},
				"up": {"uv": [3.25, 8, 3, 6], "texture": "#0"},
				"down": {"uv": [3.5, 6, 3.25, 8], "texture": "#0"}
			}
		},
		{
			"name": "rflap",
			"from": [11.5, 2, 3.5],
			"to": [12.5, 8, 11.5],
			"rotation": {"angle": 22.5, "axis": "z", "origin": [12, 6, 7.5]},
			"faces": {
				"north": {"uv": [1, 6.5, 1.25, 8], "texture": "#0"},
				"east": {"uv": [4, 1.5, 6, 3], "texture": "#0"},
				"south": {"uv": [1.25, 6.5, 1.5, 8], "texture": "#0"},
				"west": {"uv": [2, 4, 4, 5.5], "texture": "#0"},
				"up": {"uv": [3.75, 8, 3.5, 6], "texture": "#0"},
				"down": {"uv": [4, 6, 3.75, 8], "texture": "#0"}
			}
		},
		{
			"name": "head",
			"from": [3.95, 7.5, 3.35],
			"to": [12.05, 9.5, 12.5],
			"rotation": {"angle": 0, "axis": "y", "origin": [8, 8, 11]},
			"faces": {
				"north": {"uv": [5.5, 4.5, 7.5, 5], "texture": "#0"},
				"east": {"uv": [0, 5.5, 2.25, 6], "texture": "#0"},
				"south": {"uv": [5.5, 5, 7.5, 5.5], "texture": "#0"},
				"west": {"uv": [5.5, 3, 7.75, 3.5], "texture": "#0"},
				"up": {"uv": [2, 2.25, 0, 0], "texture": "#0"},
				"down": {"uv": [4, 0, 2, 2.25], "texture": "#0"}
			}
		},
		{
			"name": "top",
			"from": [5, 9.5, 4.5],
			"to": [11, 11.5, 11.5],
			"rotation": {"angle": 0, "axis": "y", "origin": [8, 9, 11]},
			"faces": {
				"north": {"uv": [0, 6, 1.5, 6.5], "texture": "#0"},
				"east": {"uv": [2.25, 5.5, 4, 6], "texture": "#0"},
				"south": {"uv": [6, 0, 7.5, 0.5], "texture": "#0"},
				"west": {"uv": [5.5, 5.5, 7.25, 6], "texture": "#0"},
				"up": {"uv": [5.5, 4.75, 4, 3], "texture": "#0"},
				"down": {"uv": [5.5, 4.75, 4, 6.5], "texture": "#0"}
			}
		},
		{
			"name": "bflap",
			"from": [4, 1, 3],
			"to": [12, 8, 4],
			"rotation": {"angle": 22.5, "axis": "x", "origin": [8, 6, 4]},
			"faces": {
				"north": {"uv": [0, 2.25, 2, 4], "texture": "#0"},
				"east": {"uv": [0, 6.5, 0.25, 8.25], "texture": "#0"},
				"south": {"uv": [2, 2.25, 4, 4], "texture": "#0"},
				"west": {"uv": [0.25, 6.5, 0.5, 8.25], "texture": "#0"},
				"up": {"uv": [8, 2.75, 6, 2.5], "texture": "#0"},
				"down": {"uv": [8, 2.75, 6, 3], "texture": "#0"}
			}
		},
		{
			"name": "band",
			"from": [4, 6.5, 11.5],
			"to": [12, 7.5, 12.5],
			"rotation": {"angle": 0, "axis": "y", "origin": [8, 8, 8]},
			"faces": {
				"north": {"uv": [5.5, 6, 7.5, 6.25], "texture": "#0"},
				"east": {"uv": [6.75, 7, 7, 7.25], "texture": "#0"},
				"south": {"uv": [5.5, 6.25, 7.5, 6.5], "texture": "#0"},
				"west": {"uv": [7, 7, 7.25, 7.25], "texture": "#0"},
				"up": {"uv": [8.5, 0.75, 6.5, 0.5], "texture": "#0"},
				"down": {"uv": [8.5, 0.75, 6.5, 1], "texture": "#0"}
			}
		},
		{
			"name": "nose",
			"from": [7, 7, 11],
			"to": [9, 13, 13],
			"rotation": {"angle": 0, "axis": "y", "origin": [7, 7, 11]},
			"faces": {
				"north": {"uv": [6, 0.5, 6.5, 2], "texture": "#0"},
				"east": {"uv": [1.5, 6, 2, 7.5], "texture": "#0"},
				"south": {"uv": [2, 6, 2.5, 7.5], "texture": "#0"},
				"west": {"uv": [2.5, 6, 3, 7.5], "texture": "#0"},
				"up": {"uv": [7, 1.5, 6.5, 1], "texture": "#0"},
				"down": {"uv": [7, 1.5, 6.5, 2], "texture": "#0"}
			}
		},
		{
			"name": "eyebrow",
			"from": [3.46717, 11.69238, 11.5],
			"to": [12.46717, 13.69238, 12.5],
			"rotation": {"angle": 0, "axis": "y", "origin": [9.96717, 12.69238, 12]},
			"faces": {
				"north": {"uv": [5.5, 3.5, 7.75, 4], "texture": "#0"},
				"east": {"uv": [6, 6.5, 6.25, 7], "texture": "#0"},
				"south": {"uv": [5.5, 4, 7.75, 4.5], "texture": "#0"},
				"west": {"uv": [6.25, 6.5, 6.5, 7], "texture": "#0"},
				"up": {"uv": [8.25, 2.25, 6, 2], "texture": "#0"},
				"down": {"uv": [8.25, 2.25, 6, 2.5], "texture": "#0"}
			}
		},
		{
			"name": "lnose",
			"from": [4.46717, 10.69238, 11.75],
			"to": [5.46717, 12.69238, 12.25],
			"rotation": {"angle": 45, "axis": "z", "origin": [4.96717, 11.69238, 12]},
			"faces": {
				"north": {"uv": [6.5, 6.5, 6.75, 7], "texture": "#0"},
				"east": {"uv": [6.75, 6.5, 7, 7], "texture": "#0"},
				"south": {"uv": [7, 1, 7.25, 1.5], "texture": "#0"},
				"west": {"uv": [7, 1.5, 7.25, 2], "texture": "#0"},
				"up": {"uv": [7.5, 1.25, 7.25, 1], "texture": "#0"},
				"down": {"uv": [7.5, 1.25, 7.25, 1.5], "texture": "#0"}
			}
		},
		{
			"name": "rnose",
			"from": [10.46717, 10.69238, 11.75],
			"to": [11.46717, 12.69238, 12.25],
			"rotation": {"angle": -45, "axis": "z", "origin": [10.96717, 11.69238, 12]},
			"faces": {
				"north": {"uv": [6, 7, 6.25, 7.5], "texture": "#0"},
				"east": {"uv": [6.25, 7, 6.5, 7.5], "texture": "#0"},
				"south": {"uv": [6.5, 7, 6.75, 7.5], "texture": "#0"},
				"west": {"uv": [7, 6.5, 7.25, 7], "texture": "#0"},
				"up": {"uv": [7.5, 1.75, 7.25, 1.5], "texture": "#0"},
				"down": {"uv": [7.5, 1.75, 7.25, 2], "texture": "#0"}
			}
		},
		{
			"from": [10.46717, 12.69238, 11.75],
			"to": [11.46717, 16.69238, 12.25],
			"rotation": {"angle": 22.5, "axis": "z", "origin": [10.96717, 13.69238, 12]},
			"faces": {
				"north": {"uv": [4, 6.5, 4.25, 7.5], "texture": "#0"},
				"east": {"uv": [4.25, 6.5, 4.5, 7.5], "texture": "#0"},
				"south": {"uv": [4.5, 6.5, 4.75, 7.5], "texture": "#0"},
				"west": {"uv": [4.75, 6.5, 5, 7.5], "texture": "#0"},
				"up": {"uv": [7.5, 5.75, 7.25, 5.5], "texture": "#0"},
				"down": {"uv": [7.5, 5.75, 7.25, 6], "texture": "#0"}
			}
		},
		{
			"from": [4.46717, 12.69238, 11.75],
			"to": [5.46717, 16.69238, 12.25],
			"rotation": {"angle": -22.5, "axis": "z", "origin": [4.96717, 13.69238, 12]},
			"faces": {
				"north": {"uv": [5, 6.5, 5.25, 7.5], "texture": "#0"},
				"east": {"uv": [5.25, 6.5, 5.5, 7.5], "texture": "#0"},
				"south": {"uv": [5.5, 6.5, 5.75, 7.5], "texture": "#0"},
				"west": {"uv": [5.75, 6.5, 6, 7.5], "texture": "#0"},
				"up": {"uv": [7.5, 6.75, 7.25, 6.5], "texture": "#0"},
				"down": {"uv": [7, 7.25, 6.75, 7.5], "texture": "#0"}
			}
		}
	],
	"display": {
		"thirdperson_righthand": {
			"translation": [0, 1.5, 0]
		},
		"thirdperson_lefthand": {
			"translation": [0, 1.5, 0]
		},
		"firstperson_righthand": {
			"translation": [0, 2.25, 0],
			"scale": [0.5, 0.5, 0.5]
		},
		"firstperson_lefthand": {
			"translation": [0, 2.25, 0],
			"scale": [0.5, 0.5, 0.5]
		},
		"ground": {
			"translation": [0, 3, 0]
		},
		"gui": {
			"rotation": [18, 22, 0]
		},
		"head": {
			"rotation": [0, 180, 0],
			"translation": [0, 4.5, 0],
			"scale": [1.85, 1.85, 1.85]
		},
		"fixed": {
			"rotation": [-16, -149, 0],
			"translation": [0, 0, -2.75]
		}
	}
}